{
  "common_options": {
    "food": [
      "cay",
      "không cay",
      "ít cay",
      "nhiều cay",
      "mang về",
      "tại chỗ",
      "thêm ớt",
      "không hành",
      "ít nước",
      "nhiều nước"
    ],
    "drink": [
      "ít đá",
      "nhiều đá",
      "không đá",
      "ít đường",
      "nhiều đường",
      "không đường",
      "nóng",
      "lạnh",
      "mang về",
      "tại chỗ",
      "size lớn",
      "size nhỏ"
    ]
  },
  "dishes": [
    {
      "id": 1,
      "name": "phở bò",
      "price": 45000,
      "type": "food",
      "available": true,
      "description": "Phở bò truyền thống",
      "options": [
        "tái",
        "nạm",
        "gầu",
        "viên",
        "đặc biệt",
        "thêm bò",
        "thêm bánh"
      ]
    },
    {
      "id": 2,
      "name": "bún chả",
      "price": 40000,
      "type": "food",
      "available": true,
      "description": "Bún chả Hà Nội",
      "options": [
        "thêm bún",
        "thêm chả",
        "nem rán"
      ]
    },
    {
      "id": 3,
      "name": "cơm gà",
      "price": 35000,
      "type": "food",
      "available": true,
      "description": "Cơm gà xối mỡ",
      "options": [
        "đùi",
        "cánh",
        "ức",
        "thêm cơm",
        "thêm gà"
      ]
    },
    {
      "id": 4,
      "name": "cơm tấm",
      "price": 45000,
      "type": "food",
      "available": true,
      "description": "Cơm tấm sườn bì chả",
      "options": [
        "sườn",
        "bì",
        "chả",
        "trứng ốp la",
        "thêm cơm"
      ]
    },
    {
      "id": 5,
      "name": "bánh mì",
      "price": 20000,
      "type": "food",
      "available": true,
      "description": "Bánh mì Sài Gòn",
      "options": [
        "thịt nướng",
        "chả lụa",
        "pate",
        "ốp la",
        "không rau",
        "thêm ớt"
      ]
    },
    {
      "id": 6,
      "name": "trà sữa",
      "price": 25000,
      "type": "drink",
      "available": true,
      "description": "Trà sữa trân châu",
      "options": [
        "trân châu đen",
        "trân châu trắng",
        "thạch",
        "pudding",
        "kem cheese",
        "ít đường",
        "nhiều đường"
      ]
    },
    {
      "id": 7,
      "name": "cà phê sữa",
      "price": 20000,
      "type": "drink",
      "available": true,
      "description": "Cà phê sữa đá",
      "options": [
        "ít sữa",
        "nhiều sữa",
        "bạc xỉu",
        "nóng",
        "đá"
      ]
    },
    {
      "id": 8,
      "name": "nước cam",
      "price": 30000,
      "type": "drink",
      "available": true,
      "description": "Nước cam ép nguyên chất",
      "options": [
        "không đường",
        "ít đường",
        "ít đá",
        "không đá"
      ]
    },
    {
      "id": 9,
      "name": "trà đào",
      "price": 35000,
      "type": "drink",
      "available": true,
      "description": "Trà đào cam sả",
      "options": [
        "cam sả",
        "thêm đào",
        "ít ngọt",
        "size lớn"
      ]
    },
    {
      "id": 10,
      "name": "gà rán",
      "price": 30000,
      "type": "food",
      "available": true,
      "description": "Gà rán giòn",
      "options": [
        "đùi",
        "cánh",
        "ức",
        "sốt cay",
        "sốt phô mai"
      ]
    },
    {
      "id": 11,
      "name": "bún bò huế",
      "price": 50000,
      "type": "food",
      "available": true,
      "description": "Bún bò Huế đặc biệt",
      "options": [
        "giò heo",
        "chả cua",
        "gân",
        "nạm",
        "thêm thịt",
        "cay",
        "không cay"
      ]
    },
    {
      "id": 12,
      "name": "pizza",
      "price": 120000,
      "type": "food",
      "available": true,
      "description": "Pizza Ý",
      "options": [
        "hải sản",
        "xúc xích",
        "nhiều phô mai",
        "đế dày",
        "đế mỏng"
      ]
    },
    {
      "id": 13,
      "name": "mì xào",
      "price": 40000,
      "type": "food",
      "available": true,
      "description": "Mì xào bò/hải sản",
      "options": [
        "bò",
        "hải sản",
        "trứng",
        "rau cải",
        "ít dầu"
      ]
    },
    {
      "id": 14,
      "name": "gỏi cuốn",
      "price": 10000,
      "type": "food",
      "available": true,
      "description": "Gỏi cuốn tôm thịt",
      "options": [
        "tôm thịt",
        "tai heo",
        "tương đen",
        "mắm nêm"
      ]
    },
    {
      "id": 15,
      "name": "sinh tố bơ",
      "price": 45000,
      "type": "drink",
      "available": true,
      "description": "Sinh tố bơ sáp",
      "options": [
        "ít sữa",
        "không đường",
        "thêm sầu riêng"
      ]
    }
  ],
  "order_history": [],
  "current_order": {
    "order_id": "CURRENT",
    "user": "default_user",
    "items": [
      {
        "dish_id": 12,
        "dish_name": "pizza",
        "type": "food",
        "quantity": 1,
        "price": 120000,
        "options": [
          "hải sản"
        ],
        "subtotal": 120000
      },
      {
        "dish_id": 9,
        "dish_name": "trà đào",
        "type": "drink",
        "quantity": 3,
        "price": 35000,
        "options": [
          "cam sả"
        ],
        "subtotal": 105000
      },
      {
        "dish_id": 13,
        "dish_name": "mì xào",
        "type": "food",
        "quantity": 1,
        "price": 40000,
        "options": [
          "hải sản"
        ],
        "subtotal": 40000
      },
      {
        "dish_id": 6,
        "dish_name": "trà sữa",
        "type": "drink",
        "quantity": 1,
        "price": 25000,
        "options": [
          "trân châu đen"
        ],
        "subtotal": 25000
      },
      {
        "dish_id": 10,
        "dish_name": "gà rán",
        "type": "food",
        "quantity": 1,
        "price": 30000,
        "options": [
          "sốt phô mai"
        ],
        "subtotal": 30000
      }
    ],
    "total": 320000,
    "status": "draft"
  },
  "users": [
    {
      "user_id": "user_001",
      "name": "default_user",
      "phone": "0123456789",
      "address": "HCM"
    }
  ],
  "restaurants": [
    {
      "id": 1,
      "name": "KelvinCook HCM",
      "rating": 5.0
    }
  ],
  "metadata": {
    "version": "2.1",
    "last_updated": "2024-01-20",
    "currency": "VND"
  },
  "global_options": {
    "food_common": {
      "options": []
    },
    "drink_common": {
      "options": []
    },
    "all_common": {
      "options": []
    }
  }
}