{
  "common_options": {
    "food": ["cay", "không cay", "ít cay", "nhiều cay", "mang về", "tại chỗ", "thêm ớt", "không hành", "ít nước", "nhiều nước"],
    "drink": ["ít đá", "nhiều đá", "không đá", "ít đường", "nhiều đường", "không đường", "nóng", "lạnh", "mang về", "tại chỗ", "size lớn", "size nhỏ"]
  },
  "dishes": [
    {
      "id": 1,
      "name": "phở bò",
      "price": 45000,
      "category": "food",
      "available": true,
      "description": "Phở bò truyền thống",
      "specific_options": ["tái", "nạm", "gầu", "viên", "đặc biệt", "thêm bò", "thêm bánh"]
    },
    {
      "id": 2,
      "name": "bún chả",
      "price": 40000,
      "category": "food",
      "available": true,
      "description": "Bún chả Hà Nội",
      "specific_options": ["thêm bún", "thêm chả", "nem rán"]
    },
    {
      "id": 3,
      "name": "cơm gà",
      "price": 35000,
      "category": "food",
      "available": true,
      "description": "Cơm gà xối mỡ",
      "specific_options": ["đùi", "cánh", "ức", "thêm cơm", "thêm gà"]
    },
    {
      "id": 6,
      "name": "trà sữa",
      "price": 25000,
      "category": "drink",
      "available": true,
      "description": "Trà sữa trân châu",
      "specific_options": ["trân châu đen", "trân châu trắng", "thạch", "pudding", "kem cheese"]
    },
    {
      "id": 7,
      "name": "cà phê sữa",
      "price": 20000,
      "category": "drink",
      "available": true,
      "description": "Cà phê sữa đá",
      "specific_options": ["ít sữa", "nhiều sữa", "bạc xỉu"]
    },
    {
      "id": 10,
      "name": "gà rán",
      "price": 30000,
      "category": "food",
      "available": true,
      "description": "Gà rán giòn",
      "specific_options": ["đùi", "cánh", "ức", "sốt cay", "sốt phô mai"]
    },
    {
      "id": 12,
      "name": "pizza",
      "price": 120000,
      "category": "food",
      "available": true,
      "description": "Pizza Ý",
      "specific_options": ["hải sản", "xúc xích", "phô mai", "đế dày", "đế mỏng"]
    }
  ],
  "order_history": [
    { 
      "item_name": "phở bò", 
      "quantity": 2, 
      "options": ["tái", "không hành"] 
    }
  ]
}
  
  "order_history": [
    {
      "order_id": "ORD001",
      "user": "default_user",
      "items": [
        {
          "dish_id": 1,
          "dish_name": "phở bò",
          "quantity": 2,
          "price": 45000,
          "options": ["tái", "không hành"],
          "subtotal": 90000
        },
        {
          "dish_id": 6,
          "dish_name": "trà sữa",
          "quantity": 1,
          "price": 25000,
          "options": ["ít đường", "ít đá", "thêm trân châu"],
          "subtotal": 25000
        }
      ],
      "total": 115000,
      "status": "completed",
      "delivery_time": "12:00",
      "created_at": "2024-01-15 10:30:00"
    }
  ],
  
  "current_order": {
    "order_id": "CURRENT",
    "user": "default_user",
    "items": [],
    "total": 0,
    "status": "draft",
    "delivery_time": null,
    "created_at": null
  },
  
  "users": [
    {
      "user_id": "user_001",
      "name": "default_user",
      "phone": "0123456789",
      "address": "123 Đường ABC, Q1, TP.HCM"
    }
  ],
  
  "restaurants": [
    {
      "id": 1,
      "name": "Nhà hàng KelvinCook - Chi nhánh TP.HCM",
      "address": "456 Lý Thường Kiệt, Phường Diên Hồng",
      "phone": "028-3838-4848",
      "rating": 4.5
    },
    {
      "id": 2,
      "name": "Nhà hàng KelvinCook - Chi nhánh Đồng Tháp",
      "address": "789 Nguyễn Huệ, Phường Cao Lãnh",
      "phone": "028-3939-5959",
      "rating": 4.8
    }
  ],
  
  "metadata": {
    "version": "2.0",
    "last_updated": "2024-01-16",
    "currency": "VND"
  }
}